feature,auc_drop_global,auc_drop_global_std,auc_drop_bull_trend,auc_drop_bull_trend_std,auc_drop_bull_range,auc_drop_bull_range_std,auc_drop_bear_trend,auc_drop_bear_trend_std,auc_drop_bear_range,auc_drop_bear_range_std
CPR_Tmr_Above,0.0,0.0,0.0,0.0,0.0,0.0,0.0,0.0,0.0,0.0
CPR_Tmr_Below,0.0,0.0,0.0,0.0,0.0,0.0,0.0,0.0,0.0,0.0
CPR_Tmr_Inside,0.0,0.0,0.0,0.0,0.0,0.0,0.0,0.0,0.0,0.0
CPR_Tmr_Overlap,0.0,0.0,0.0,0.0,0.0,0.0,0.0,0.0,0.0,0.0
CPR_Yday_Above,0.0,0.0,0.0,0.0,0.0,0.0,0.0,0.0,0.0,0.0
CPR_Yday_Below,0.0,0.0,0.0,0.0,0.0,0.0,0.0,0.0,0.0,0.0
CPR_Yday_Inside,0.0,0.0,0.0,0.0,0.0,0.0,0.0,0.0,0.0,0.0
CPR_Yday_Overlap,0.0,0.0,0.0,0.0,0.0,0.0,0.0,0.0,0.0,0.0
Comb_ATRhigh__EMA20neg,0.0001549635283035089,9.703019321821963e-06,-6.999933610429832e-05,4.7586897042825385e-05,-5.694887884586386e-05,5.969443685667757e-05,0.0005688028865920236,0.0001285841946404384,0.00031183916356460897,7.390010454156893e-05
Comb_ATRlow__EMA20pos,0.0002003268690885296,3.7506226916037965e-05,0.0005646610224006698,7.304339154351712e-05,9.955593223693881e-05,6.333403752262607e-05,-4.007500682459142e-05,2.6913538328862906e-05,-7.037976520152256e-05,2.3563492505715977e-05
Comb_GapDown__CPR_Tmr_Below,4.005333813748013e-05,7.941232562786227e-06,3.834356151433127e-06,1.5304669446485772e-05,4.379275318620035e-05,2.9216607636025764e-05,8.340599380536328e-05,1.9984021316422843e-05,4.911723593765682e-05,2.8870437961545878e-05
Comb_GapUp__CPR_Tmr_Above,0.00011962059136780834,3.341224952081516e-05,0.00016306745625569442,6.324901428979034e-05,0.00018926682565720832,5.5843451342655904e-05,-2.586205514854001e-06,3.366658925592131e-05,0.00010299485643670004,6.035677240804761e-05
Comb_RSIslopePos__ADX_15_25,2.234389440809448e-05,1.4430872103965911e-05,3.6884644327805914e-05,1.4306311450658635e-05,3.0247443749464863e-06,1.9094844076725182e-05,3.5843019850689827e-05,2.325381249144414e-05,4.2370304228023235e-05,2.2089994933121612e-05
DOW_0,4.160106511763573e-06,2.399444161106561e-06,8.24237273311379e-06,1.903688091399693e-06,1.0724735305744914e-05,2.222972995534632e-06,-2.1940079050875026e-06,4.356919753603879e-06,2.3565344394960165e-06,4.590907474244614e-06
DOW_1,2.237788202696933e-06,1.2494674348048089e-06,1.3516559186355082e-06,1.4451994317362356e-06,-4.33496281364576e-06,3.3384922457488144e-06,2.280760567874296e-06,4.037188205397093e-06,5.2221571614330385e-06,4.894606705383413e-06
DOW_2,2.887369018478303e-06,5.103421671600952e-07,-6.763548978838685e-06,4.555228218418007e-06,9.247651802613e-06,6.287927811724028e-06,4.016128715012002e-06,7.454961358829022e-07,1.3052724725737264e-06,2.9357958771609114e-06
DOW_3,6.713474422692656e-06,2.1712005394424252e-06,1.3268312582193077e-06,2.3057704775841905e-06,1.0521069184554754e-05,4.140920588582566e-06,1.0783466194430602e-06,4.648963262895967e-06,3.4394587803854295e-06,7.090500655237106e-06
DOW_4,0.0,0.0,0.0,0.0,0.0,0.0,0.0,0.0,0.0,0.0
DOW_5,1.0824425173971974e-06,5.59589593843583e-07,-9.601991313168412e-09,6.556801471151049e-07,3.9220852050547704e-07,1.8977439480026227e-06,3.117427809140594e-06,2.176120017818321e-06,-2.1679832237664344e-06,1.5338290962950452e-06
DOW_6,1.832343088778998e-05,4.961468952187193e-06,2.072706914968414e-05,4.134423535679652e-06,8.524737896031808e-07,1.555976974474255e-05,1.0435195976610246e-05,3.9852463822009834e-06,3.355891458478588e-05,6.145898297487018e-06
D_WQ_12,3.3692862748191385e-05,3.599525935569192e-05,0.0001532419259360651,9.856673768705432e-05,-0.00014722035822360978,0.00013995810009949456,9.262618016563362e-05,4.446323741358776e-05,4.8173412588070616e-05,0.00010650649346023594
D_WQ_13,0.0006970927066597188,8.940188521580882e-05,0.0002489214364230108,0.0002571279344521137,-0.00036277523724466133,0.00033392119577005115,0.0016297742544881366,0.00015959708254804396,0.001086545947213291,0.000401231523045316
D_WQ_16,0.0007857789231372258,0.0001453148043001754,0.0005860789665326882,0.0001243578929080676,0.00022469565652243338,0.0004530186582887343,0.001695035873769024,0.0002880062902631276,0.0014580128318423258,0.00023913443747511324
D_WQ_19,0.009481516850913719,0.0003405156030051691,0.01254650853283057,0.00030164706883613725,0.00799798874664015,0.0007486124287640083,0.008448555433233751,0.0003405480349849438,0.009578729410705367,0.0005087074683088548
D_WQ_20,0.0007945934254044885,0.00026442507135778247,0.0020975905924691673,0.0002951490929561128,0.0009841172185235836,0.0008346797093184566,-0.00013555237386884134,0.0002904827603850665,-0.00047061885383512523,0.0004222185781450051
D_WQ_23,-5.571233737262648e-05,1.5946651073340968e-05,-7.743034057443588e-05,3.20306768364258e-05,-0.0001426277880141269,2.8133352085999532e-05,1.1843549095424955e-05,2.6379557630240515e-05,-2.507837896157383e-05,7.17164638207402e-05
D_WQ_26,4.7129434097925583e-05,1.12337629601136e-05,5.7858437814406474e-05,1.393435625562916e-05,1.2515888099873252e-05,4.540862631288336e-05,6.458129576754068e-05,3.623573911029345e-05,7.94903464908625e-05,4.318375420952599e-05
D_WQ_29,0.002057770075203558,0.0005280060193378905,0.004767093935606104,0.0012083469509945352,0.004134038623061631,0.0016160757737598275,0.0014963502336054146,0.0009849516433883944,-0.002244753807894906,0.0010305070345117244
D_WQ_3,0.00047693421295984527,7.513077518130164e-05,0.0006813598772840602,0.00013237967793687598,1.0460574297010971e-05,0.00027614186661271625,-0.00022287325870835596,9.282137895240088e-05,0.000815152086691362,0.0002475463246297681
D_WQ_33,1.6899712045592707e-05,4.260864907632541e-05,-0.00010187583939558209,5.1972402712415976e-05,4.516598713255604e-05,5.7810921782836323e-05,0.00014975509156494037,1.2659110561408656e-05,6.721708537560378e-05,0.0001029685585953596
D_WQ_35,-0.00035785465067514897,9.797530115813102e-05,-0.00039694350912469203,0.00011797340533629348,-0.0008223624594540402,0.00010995866520509456,0.00039540147531105243,0.00014533667997589949,-0.00041395280988554273,5.8527184562859276e-05
D_WQ_38,-0.00013848428263647518,4.1281187602547266e-05,-0.0002239427928910853,0.0001512308212885175,-0.0004572208638600639,0.00010894240622764527,0.0004080969638951437,7.498895676317331e-05,-0.0002682589297428262,0.00010686294698154619
D_WQ_40,0.005527610230377844,0.00017550647415419987,0.005846624503339304,0.0006067872467807474,0.008186973262822406,0.0009623482687375325,0.006850073856115846,0.0006076652954864111,0.004761614057604535,0.0011167878125176007
D_WQ_41,-0.00015844163123861498,3.965877735077997e-05,-0.00011305782662951458,7.063171786396111e-05,-0.0002627413953963487,0.00013637536558131971,-0.00018008026419338296,5.985965941872006e-05,-0.00023077672684310713,4.019534467630691e-05
D_WQ_44,1.9986696554163962e-05,1.9070631812781708e-05,1.9924483195721266e-05,2.627924978477429e-05,6.281284994076319e-05,3.3103637608387175e-05,9.980020027255954e-06,1.875256920074235e-05,2.512462737300769e-05,1.8047948938793177e-05
D_WQ_6,0.0001497021872509219,1.4238943254155993e-05,0.00022241232915911623,2.5618543044219555e-05,0.00012544875233566621,0.00010541627673584731,-1.676404676682619e-05,1.8202708983587292e-05,8.51717859531531e-05,1.811490850066859e-05
D_adx14,9.882719675824436e-05,2.774625119964813e-05,4.39022947831047e-05,2.6311572553031464e-05,3.890980751675155e-05,1.5466480278383355e-05,9.186225290658268e-05,2.8253263707101764e-05,4.0926286521258956e-05,2.8239095432004525e-05
D_adx14_lag1,4.968075671198946e-05,1.2792498494191113e-05,7.84414770949704e-05,1.3819250213544636e-05,4.9576568555465e-05,1.1078536459067748e-05,3.903129829188057e-05,1.8459080786649205e-05,2.9595425727579895e-05,1.8033077200090414e-05
D_adx14_lag2,7.320086157942551e-05,1.666735025443495e-05,0.00012109680108391973,2.4281527607602867e-05,3.0043273505331315e-05,1.7326977021168535e-05,4.949955789677052e-05,1.9643851221033664e-05,5.511067429846417e-05,1.3275397620754677e-05
D_atr14,-2.813189255790327e-06,1.24119339141274e-05,2.7724578842791557e-05,2.5392359500414684e-05,3.057865325966081e-05,2.274890241876347e-05,2.6369030782014135e-06,2.0818127540319814e-05,-7.4328312264171356e-06,2.1261523335274532e-05
D_atr14_to_close_pct,0.0003460801919385359,3.195555458115968e-05,0.000700906369896348,4.0336760686847775e-05,0.0002509297686114742,5.1097268716933554e-05,-1.773249618370887e-05,3.8171161856292676e-05,0.00010307810357721437,6.107632022646815e-05
D_atr30,6.527493787915617e-05,1.268324251367394e-05,8.279410658058594e-05,1.020001076017251e-05,2.9312293614647267e-05,1.2512328967793764e-05,8.032525087899866e-05,8.036277718475763e-06,8.192514747265011e-05,3.420527935867919e-05
D_atr_pct,0.0003456193549674413,2.2077469889067477e-05,0.0008633734675022487,0.00012529862975796703,0.00024296410429973657,7.573997631442949e-05,-7.965500390039182e-06,3.8451478531720985e-05,0.00011093250686144973,1.6658755349161795e-05
D_atr_pct_z252,0.0005823384394995967,0.00012290137759374194,0.00012084340219211675,0.0001014997621134083,0.0008475202666694103,0.0001482850010924275,0.0006923256103719799,0.00024844140741187086,0.001150072765116006,0.00036606856866985637
D_atr_ratio_14_30,0.0005921808064278001,6.818008348811276e-05,0.0004823540412312255,0.00010796849481060297,0.0011527623452797897,0.00013361691592141692,9.575935255972113e-05,9.057250187945293e-05,0.0002346245946718284,0.00022084499036801605
D_bb_bw_20,0.0004624048765202726,3.409228859342469e-05,0.0003902504528134898,0.00013543154786728543,5.9022845238798635e-05,0.00010595158886714148,0.0002776340270935762,8.643640132690075e-05,0.0009728780246959223,0.0001413731288670121
D_bb_pctB_20,0.0012987546037067199,5.6509397652696115e-05,0.0013683481608219416,0.00010223916607049901,0.0015941567383212173,0.0003766167533109009,0.00030736799055919306,3.744865137145717e-05,0.001869627250896011,0.00018763564140700166
D_body_ratio,0.0005377104310065883,3.333719274138809e-05,0.0004994336417670553,7.969153034579459e-05,0.0004928140391694091,0.00016576770896617097,0.000511421432051029,8.261766031941983e-05,0.0005470642760706301,8.46822842586772e-05
D_body_ratio_rmean20,-0.00012265594928728696,2.3716003728109307e-05,-9.450350075026481e-05,3.72611747291671e-05,-0.00014371972073354833,7.73144983204228e-05,7.178790716566574e-05,3.865114002527133e-05,-0.0002634974779104571,7.000469986250851e-05
D_body_ratio_rmean50,0.00032742433852817054,7.847400810013393e-06,0.00024807622699556385,3.0266293492454675e-05,0.0002930367309328163,5.801728416693569e-05,0.0002680062134303274,3.462196332216633e-05,0.0005182831781407771,3.9069646388697424e-05
D_breakout_high_20,-2.1350676253639733e-05,9.240998783438511e-06,-5.3977242681191306e-05,2.8762827799954872e-05,-5.613169374047988e-05,1.1891681307059384e-05,1.3025337637651014e-05,4.336569817231115e-06,8.57694577311996e-06,1.463776767988666e-05
D_breakout_high_50,-7.213010059019531e-05,1.4842651951106873e-05,-0.0001597964559584719,5.378099057799829e-05,4.345952718094459e-05,1.726707717985913e-05,2.741604567702005e-06,5.407974089412529e-06,-3.913327115689924e-08,1.9288222280255673e-05
D_breakout_low_20,0.00016229137423566796,3.7974952250250846e-05,6.199701315299234e-05,4.791897342371867e-05,9.337083411400381e-05,3.6667070314057914e-05,0.00014398281185077356,5.308244067586541e-05,0.0004950465532240322,0.00018463640944668024
D_breakout_low_50,8.042651129898104e-05,6.862636220204896e-06,1.5443631997236196e-05,4.843646671598025e-06,-2.777723585367653e-07,3.570837569222909e-05,1.76263776814789e-05,5.349177445631513e-05,0.00035638598918465993,7.289204326626646e-05
D_close_roll_slope_20,0.00023443257982733723,8.833925966018013e-05,0.0002436191465804205,0.0001263109355547311,2.166926870290631e-05,0.00032189539301844206,-0.0004783110423547621,0.00011658619283370579,0.0011637363246293608,0.00014924012418973266
D_close_roll_slope_20_rstd10,-4.051541052274565e-06,8.384109018092537e-06,3.619505741756512e-05,3.4938064698784046e-05,-5.908787724304698e-05,3.461288982043409e-05,8.129873856306258e-05,1.908593709807223e-05,-9.682247229947372e-05,3.892182740104331e-05
D_close_roll_slope_20_rstd20,-6.976829052300904e-05,1.548369793960154e-05,2.9698724830251598e-05,2.4539806407078388e-05,-7.506306466007474e-05,3.727635108422454e-05,-8.371065152312784e-05,1.4857304080291963e-05,-0.0001645027533031085,1.6184009261208075e-05
D_close_roll_slope_50,-4.835970079444252e-05,0.00010544593957945607,0.0001229095867788743,7.293068265085584e-05,-0.0002205144515481816,0.00030012738944715423,0.000517845537579853,6.0870926654798994e-05,0.00011036293988719859,0.0001315162421349292
D_cmf20,0.0007803124758644975,6.496815374032247e-05,0.00011620013682411834,0.00011411061769672677,0.0005112478396392505,0.00020552974397479543,0.0009964788715873807,0.00018617744200911794,0.0023664049177344994,0.00023246825829921025
D_cmf20_rmean50,0.0003122353869636996,1.913435720634205e-05,0.00016859070899513106,1.166148728427157e-05,0.00028012813018807314,3.001269129379666e-05,0.00022600926512772457,3.801835765779047e-05,0.0008584534070166239,6.0200310059902706e-05
D_compress_state,0.00032341164439080304,7.297162286133045e-05,0.000657227848348918,0.00023704929497740836,0.0012902692410668326,0.00029590157839659586,6.782499514754737e-05,0.0001799307547241253,5.842277206884461e-05,0.00039996855394516215
D_cpr_bc,3.4705243550470224e-05,9.35574143905221e-06,4.5491190144830716e-05,1.4727334852293063e-05,1.1935137179852618e-05,4.576445181041196e-05,4.506729980304769e-05,1.4872091378705171e-05,5.505268590566548e-05,1.2797468822168563e-05
D_cpr_pivot,4.4258098011162875e-05,4.6323906927449845e-06,2.6614963362803223e-05,2.260644540408331e-05,3.110294228467758e-05,1.6463786146752973e-05,7.05700635240003e-05,1.8308253154719204e-05,7.370467022436156e-05,2.5691531942644208e-05
D_cpr_tc,5.080078327639459e-05,1.0721058344579315e-05,3.839227405599832e-05,8.351330087123469e-06,6.144213661480879e-05,3.515958845590188e-05,7.705037722089969e-05,1.1753586650065482e-05,6.264880960005215e-05,2.0615290019716404e-05
D_cpr_vs_yday_code,-0.00011971766747465029,4.6173684866082126e-05,-0.00012300455281468725,9.618732039548005e-05,-0.00037398695639496716,2.8242998579843307e-05,4.874066890481199e-05,3.452591071455131e-05,-0.00026178237336142994,5.162496186645946e-05
D_cpr_width_pct,-0.00027417740757147425,0.0001032020884515269,0.0001715388716100774,0.00016641845945796098,-4.1790876534242295e-05,0.00014688243372444303,-0.0009374036146033715,0.0003834641273338877,-0.0012756976807659416,0.0005300499241474812
D_daily_trend,8.362466936375767e-05,1.667318492825355e-05,0.0001016174053131591,3.895666569402128e-05,0.0001464409824227353,7.816117572030884e-05,2.3758893498015964e-05,4.766719183648017e-05,0.0001922927122009588,6.676535014345735e-05
D_days_since_boh_20,0.00034060210431812176,6.558975910894278e-05,8.516767198574193e-05,2.891419671709859e-05,-0.0001585848269648249,3.2345441552591836e-05,0.0008019548401031473,0.00014203308984318084,0.0003890882408874585,0.00016546698689790237
D_days_since_bol_20,0.0002518536229620727,3.76592622657615e-05,0.00010185815767984607,2.7338535664690167e-05,0.00021973104275478937,3.342804679343435e-05,3.6154920077446916e-05,6.551456866398629e-05,0.0008624378855374371,0.0001678232929790636
D_dist_from_20h,0.0003756172172176164,2.237090049035107e-05,0.0005991574641415864,6.908216327405023e-05,0.00044607972207830746,0.00011586168170567994,0.00025757259191223626,4.2141005633184384e-05,0.00021715799271309065,6.225873415530359e-05
D_dist_from_20l,6.958966334846828e-05,1.1551985834049255e-05,2.6282406591704444e-05,3.4030443429299265e-05,0.00011286279099100848,6.826943799837823e-05,6.969576672477551e-05,3.292926512405627e-05,6.607901869806198e-05,5.4179619341973165e-05
D_dist_from_52wh,0.011057056313793612,0.00037832135397963167,0.012807755998619186,0.00043663125728554453,0.008611924137192806,0.0007488318484133135,0.0007918317017991727,0.00027219340022729244,0.001433225106358571,0.0006426885534330074
D_dollar_vol,0.0003626435144090667,4.048040862606226e-05,0.00018155527078071997,5.094152350540235e-05,-9.748801533275842e-05,9.47699401496492e-05,0.0007144341564813361,3.879901024736359e-05,0.0006387745201251072,7.58787285968954e-05
D_donch_pos_20,0.00018954623248654823,2.511153366398859e-05,0.00024132146032584956,3.051461714403649e-05,0.000168457088480789,5.5931174449245194e-05,9.079870619692621e-05,5.1631158804433526e-05,0.00018092165086509572,0.00010853054555860761
D_donch_pos_20_lag5,5.267973854501395e-05,2.6547154981797126e-05,-2.875023544792743e-05,2.0782123023352703e-05,1.4392741984603496e-05,6.171570250491932e-05,0.0002434807160938135,3.318366673513541e-05,0.00018733594976967362,0.00010832418772171742
D_donch_pos_20_rmean50,0.0006977003932053805,4.2253720019803894e-05,0.0004375613374031584,4.277930780716459e-05,0.0003300011236924361,6.995896360234249e-05,0.00014131426215691079,3.5868424350070995e-05,0.000665440642625792,4.9748584024754676e-05
D_donch_pos_50,0.00011698233677064352,2.8807353452741197e-05,0.00011078882925128486,1.9955539006944873e-05,7.293818173632615e-05,3.104430841370964e-05,0.0001961208472842424,4.0651382837685606e-05,-3.597699498714135e-05,4.1971151400994066e-05
D_donch_pos_50_lag5,-2.0391226088833925e-05,2.6054905389085544e-05,-4.6183938686472635e-05,6.483139586132194e-05,8.917853841015067e-05,5.950136986482798e-05,3.440097332017e-05,3.377860164067764e-05,0.0002904147648608468,6.351605843395777e-05
D_donch_pos_50_rmean50,0.0005089913735063734,4.432175937901798e-05,0.00048710187462617236,7.233490463437166e-05,0.00026587250994840604,3.7953947786675315e-05,-2.7622299739737954e-06,4.5847685298370185e-05,0.00020303515089878932,1.6317996021838587e-05
D_dow,1.1376971063237207e-05,1.8592621811258831e-06,1.81910895749926e-05,7.142577122632094e-06,8.52372964881276e-06,7.5371245500162526e-06,4.44721544941018e-06,6.147870350765181e-06,1.0466371257433771e-05,2.2611583690321344e-06
D_dvol_z20,0.00012655140261177422,2.688166589982419e-05,0.000103681365048236,3.6736257916323954e-05,0.00021550295424248577,6.276421245159142e-05,5.486247840360559e-05,4.892128939306846e-05,0.00011742258200926336,3.741518137346917e-05
D_dvol_z252,0.00029856705189956756,8.106286610988417e-05,0.00022306549876096592,7.762256493341275e-05,0.0007155768840362731,0.00015109644247363776,-2.8068658721336347e-05,0.00016515310612324357,0.0004075178770744481,0.00020222917097530323
D_dvol_z50,0.00029749603010063017,1.4896079259321141e-05,0.00022064837310273867,7.287415195945126e-05,0.00043230604444235434,0.00015368885602659422,8.056630047379443e-05,6.81514371736591e-05,0.0001979552965416964,0.00014266008936311526
D_ema100,2.701457017819653e-05,1.3779778749932966e-05,6.725960695848076e-05,1.0747093653342826e-05,-3.4517374561282567e-06,4.605901161214424e-05,3.917189743498639e-05,1.221707727259895e-05,1.0920672960224032e-05,1.5032005392851982e-05
D_ema20,7.096675216591297e-05,1.0103653591144146e-05,5.2854746481068025e-05,2.1056320721937082e-05,5.448119155964104e-05,3.1703742466785e-05,0.00012584835641473723,1.8489003701724987e-05,0.00011735569969124615,1.598980952188387e-05
D_ema20_angle_deg,0.0002477831114375162,4.526676350625168e-05,0.00018474137542345836,3.092142663887522e-05,7.20055522206664e-05,6.633448645600936e-05,0.0008314323242808008,7.945480704813546e-05,2.8897430472429876e-05,9.776096089085914e-05
D_ema20_angle_deg_lag1,0.00022229031081304472,1.8883365206543113e-05,3.074721543889769e-05,5.928454743958102e-05,0.0002343657642894792,3.058950083241541e-05,0.00019589743162460316,7.769042794995441e-05,0.0002650151373185139,7.593745063013526e-05
D_ema20_angle_deg_lag2,0.00023824575456232733,3.2657357066443574e-05,0.00016744268555006768,7.624886513727603e-05,0.000346468840318459,2.1455065922091713e-05,-0.00010444201879171722,5.341737629158613e-05,0.0003258019147240887,0.00010531267791459243
D_ema20_angle_z252,0.0008035345576329789,0.00022866091305135942,-0.00039843310584488647,0.00030443856634193936,-0.0026051140260573424,0.0004025797636457457,0.007225512457347016,0.0006095980411873199,-0.002715599634702981,0.0007274228813376956
D_ema50,9.618188657294358e-05,1.744441746836393e-05,6.820423212487992e-05,1.6282331587628714e-05,8.650567263066567e-05,3.0070008730461898e-05,0.0001350052495437515,1.132218851556518e-05,0.0001561542035309671,1.4664952135183944e-05
D_ema_stack_20_50_100,0.0018037520064651425,8.000018994801018e-05,0.0014500933084040657,0.00022918249309561325,0.000632774506768663,0.0002208092960503794,-0.0001717825530620942,7.124596167767663e-05,5.254139716652784e-05,6.153392710253295e-05
D_gap_pct,0.00022340433875489563,0.0001100253176957102,0.00034174821872048346,0.0001591263450500838,0.0005692543707680909,0.0003676815403614984,0.0001085217556296536,6.794342483613018e-05,-0.00014318650473061912,0.00018717730917932633
D_hh_run,7.076947023643143e-06,1.2443037719073378e-06,1.2183755958150577e-05,3.0718791863846388e-06,-2.7575586230010886e-07,6.993026233271764e-06,4.485789682329155e-06,3.082230103608895e-06,6.573678045396214e-06,2.661421645422567e-06
D_hl_run,0.00016677318261966169,4.886314238406195e-05,0.0004372020824123579,0.00010310900441994198,-1.671524154078785e-05,5.431555180591896e-05,1.2118134656002865e-05,8.216320046522386e-06,1.08288876514262e-05,2.874184514729896e-06
D_inside_day,4.016716097090534e-05,1.3021727470915309e-05,4.12224024366914e-05,1.507028121533022e-05,7.5428554605117e-05,2.6452458008553592e-05,5.0146817781793195e-05,2.935211200884044e-05,2.352265355343164e-05,2.413644756829752e-05
D_lh_run,4.9482623718954954e-05,1.9895787110031902e-05,6.494927417888263e-05,6.050475495318226e-05,1.1217264514828961e-05,4.1126588721978996e-05,0.00010339327199186954,2.0953665373850537e-05,2.3781644657283608e-05,2.7720726779739488e-05
D_ll_run,5.586241275135073e-06,4.48694758636443e-06,3.208493676041257e-05,7.159063721664728e-06,-7.684867209034607e-06,4.198681746093978e-06,2.274305288074707e-06,1.2337150899972275e-05,-2.1840278649354337e-05,6.14267442709879e-06
D_macd,0.0003453352920495201,5.692841518468269e-05,0.000494353251600943,2.9642053152404087e-05,0.000357311036530894,6.73640269681917e-05,-0.00025531245675058933,3.2792074409734376e-05,0.0002364702620438086,7.079586302918191e-05
D_macd_hist,0.00018785177947364673,1.4397648418796017e-05,0.0001978583980949633,2.5673477924664646e-05,0.0003104516966722537,3.4871656350091775e-05,9.672984877262536e-05,3.383511161074418e-05,0.000440041894514831,5.5346200242872686e-05
D_macd_hist_rstd10,0.00035916701751244063,2.500504373198513e-05,9.514121348799253e-05,3.922418426406486e-05,0.00021381161801281579,2.824652617217846e-05,0.0005285107619417806,2.819071113296335e-05,0.0006784065626410651,3.67977876344585e-05
D_macd_signal,-2.3050702357552134e-05,1.6846764292514613e-05,2.169148378592389e-05,8.398440115181743e-06,9.633861246998166e-05,2.8075236362944735e-05,-3.3137627828194737e-06,1.103603403327019e-05,5.345391389919296e-05,5.092949176012466e-05
D_mdi14,1.6071147157803446e-05,1.5071855377291679e-05,-4.654612111361089e-05,3.140467199071374e-05,5.160213903754318e-06,2.7835278446498298e-05,0.00021216064314588667,4.920242554037539e-05,-3.915710690656215e-05,1.1377802487399938e-05
D_mdi14_diff1,0.000104917761586254,1.4385029912073075e-05,0.00014236497757140753,2.7122461311394912e-05,9.091070868894047e-05,5.174188795138478e-05,8.786580492259333e-06,1.5625775412362016e-05,0.00023395505997754197,3.856618595948329e-05
D_mdi14_diff5,0.00012262645034024632,1.9891636609716392e-05,3.987706978059169e-05,1.1597446409504403e-05,8.882918043482402e-05,2.9631802001847967e-05,0.00018133652462215544,3.139470637598563e-05,0.00018381359960577547,3.21430116141939e-05
D_mdi14_rrank10,-2.6041008837141e-05,2.0691489022124538e-05,-0.00013207784908577657,1.0711386285348619e-05,-6.689423835106733e-05,5.957966963960408e-05,6.750380561573177e-05,1.0760146955735307e-05,8.375587305020638e-05,3.731465855421587e-05
D_mdi14_rrank20,3.100840365781732e-05,7.481132896175188e-06,-8.250335360138194e-06,1.702433946941208e-05,2.6420637992075058e-05,2.6009071983284314e-05,7.898885051313976e-05,3.6974916224146745e-05,0.00010442215356398776,3.418235583044687e-05
D_midpoint_slope,0.000544412045452436,6.596279987393194e-05,0.00026283741502735046,8.613617616285196e-05,0.0004020742285375745,0.00021158440767656952,0.00029349071343285347,0.00019628029415586046,0.0010607094500617365,0.00017211121099511569
D_monthly_trend,-0.0001447726784673531,3.293356055193221e-05,-0.0003213193967877892,5.953460677528726e-05,-5.462486691765189e-05,0.00010181652449473665,4.101684789297178e-05,2.709490777078448e-05,5.118525144141017e-05,2.3372501167572665e-05
D_nr_day,5.364813859998207e-06,1.8898075786507947e-06,-2.820292194560814e-06,4.301242919611968e-06,1.4241504764589409e-06,1.0132301857739715e-05,7.25667917802486e-06,1.6383042924414507e-06,9.107379476280818e-06,8.437907299388666e-06
D_nr_expand,1.951721168327314e-05,7.082084568508941e-06,1.5256861557144674e-05,1.94241601029964e-05,4.769971467073475e-05,1.8161864521195688e-05,1.813713201548328e-05,1.4145468195282073e-05,2.7159201717696924e-05,9.11343468495836e-06
D_nr_length,1.8853794225837106e-07,8.028169755226895e-08,4.473122758863468e-08,6.965241660931645e-08,-6.654437629816101e-08,1.7850975393645978e-07,5.401967076990033e-07,2.3156768074011063e-07,8.893925262931646e-09,1.2747821663257632e-07
D_obv,0.00033506134001446417,4.119201119743913e-05,0.00014910253091524606,3.720100961095693e-05,0.00022241852813209562,4.266159586477431e-05,0.0004580819273442449,3.490044894744961e-05,0.0005295130039433049,8.01379807732831e-05
D_obv_slope,0.00010954140925358846,2.812167374875904e-05,9.389190074466924e-05,4.4131456504652413e-05,2.821078253689713e-06,4.120136365073922e-05,0.0001541382265537905,3.862209023080495e-05,0.00014313065087994125,6.183846304017211e-05
D_obv_slope_lag1,-0.0001962690686038826,5.6229551004914465e-05,-0.00011488805984520845,0.00020680245492600476,-0.0007789876251155237,0.00016726320878326183,0.00014125569230114544,0.0001030386683422573,-0.00022948639616493516,0.00012416096728116982
D_obv_slope_lag2,6.536302291564322e-05,4.79888245215706e-05,0.0001692973921337604,6.617020556264686e-05,-8.19594818352476e-05,8.317740277911409e-05,0.00024821385320492604,9.6029469939357e-05,-5.5002524167102605e-05,5.843294683398528e-05
D_oli,0.0003056442185523256,4.801945331371472e-05,0.0003150195537291678,5.9685267313492836e-05,0.00044655259044894534,0.00012366712634096213,0.0002122514894007166,4.5614404895665235e-05,0.0004297327678561613,0.00013500698967368197
D_pdi14,0.0004098525915460227,1.6080927361533555e-05,0.0007437749283501161,4.89297139769116e-05,0.00034178804839801735,2.0123083420356713e-05,9.485828996624868e-05,3.493674959786385e-05,0.00015533667392015894,2.0650520248712966e-05
D_pivot,5.042241707025053e-05,6.864087661860609e-06,5.445546868574347e-05,1.7900224146693127e-05,5.775749384095974e-06,4.70707816601977e-05,8.07478355375757e-05,1.4263406829639032e-05,0.00010450717948957688,2.3099427277248417e-05
D_prev_close,4.491903091123906e-05,4.1697518025594125e-06,2.1478132223595737e-05,1.5140880713157367e-05,6.268984366948338e-05,2.206130379426012e-05,6.54834604820076e-05,1.2893940803802149e-05,7.929930497605487e-05,3.307312786178408e-05
D_prev_high,4.6728102913529136e-05,7.618091423283859e-06,4.56416603740184e-05,9.866017621005783e-06,3.0523199612786375e-05,1.883777219258518e-05,8.353053347185391e-05,1.2100703700521014e-05,7.086323897917968e-05,2.3149987297342535e-05
D_prev_inside_day,1.8173273148369697e-05,5.392596133726403e-06,1.2816199310550225e-05,9.463337552887903e-06,9.348980739165568e-06,1.990158815799635e-05,1.2486085605045715e-05,5.070218565344867e-06,2.586033287133027e-05,7.810444556713522e-06
D_prev_low,5.869468229378061e-05,1.226518417060871e-05,4.969534005803133e-05,7.627790073337865e-06,4.894439698104325e-05,3.384908324407323e-05,7.08090663227301e-05,9.506607170641913e-06,0.00011564272968429545,1.1841220218406667e-05
D_range_pct,0.0009409882027898942,4.1212301373953284e-05,0.0014883015052615134,0.0001613966764484401,0.000992693881199136,0.0002261944221523053,0.0001899332254205799,0.00010978075553058305,0.0010922921344515668,0.00017990911786924202
D_range_to_atr14,0.0004665837338750256,6.427088779624556e-05,0.0007616552412806454,0.00014112886248043722,0.0008080317247287861,0.00029332595722164536,1.9848883285233933e-05,0.0001038012625979383,0.0007328718937219314,0.0001305114700235165
D_resistance1,2.7080486392083712e-05,8.783048746739203e-06,4.2469490328422846e-05,1.4111804415250588e-05,4.7143665829740836e-05,2.9716963658046225e-05,3.425895716437921e-05,1.7229042567047154e-05,2.911942284715696e-05,1.1615628676455622e-05
D_resistance2,5.673218556778714e-05,8.891509677420889e-06,7.112569652016898e-05,1.5929930906603677e-05,5.298091834959884e-05,4.1505759027756205e-05,6.735832565134548e-05,1.6797420619640513e-05,7.23865904994403e-05,1.221559707081894e-05
D_ret_5d_roll_std,0.0005938076685540805,7.546129808717794e-05,0.00013520271175966326,0.00015049080034506372,0.0011445547014180546,5.443763026611551e-05,0.00032397758294822054,8.741579335699193e-05,0.0009411003854641331,9.614629670094491e-05
D_rsi14,0.0002033558303074612,1.515952823982482e-05,0.00021140083581909773,2.815545522316364e-05,0.00020921753543108325,3.8350666371641085e-05,4.849694273061367e-05,1.6837898527789527e-05,0.00020204863670785221,1.680795870231662e-05
D_rsi14_lag1,0.0003573311507476751,2.23009985262549e-05,0.00018370693650935355,3.3851857349052014e-05,0.0004186704967995336,5.0767345404119196e-05,-2.69375677424577e-05,5.839401928539241e-05,0.0006694030642119709,0.00013148799489129672
D_rsi14_lag2,0.00043597605742136115,5.297059780793574e-05,0.00028107663165626294,5.16792695744726e-05,0.00031933133790935654,0.00021831014028054005,-0.0002542761481728606,0.00012158875375785933,0.0007558207112168924,0.00016341324187951512
D_rsi14_obv_x,0.00012978472880236235,2.28379126666659e-05,0.0001340678032294651,3.891228257392555e-05,-3.152186938086832e-05,6.697662138880311e-05,0.00018195339745825657,3.609243752947831e-05,0.0002177311172574914,6.367572221084048e-05
D_rsi14_z252,-0.0005390425919255648,0.00011406562213304442,-0.0013917269018315804,0.00018293131988550058,-0.0008083221001890184,8.288306988670898e-05,0.0011831443084129756,0.00011128108488609692,-0.0007294199834461778,0.00010438957717082609
D_rsi7,0.0003729746112168808,4.635538198054628e-05,0.0006654320473118869,5.72270480086557e-05,0.00036835538649240276,5.11970831026476e-05,0.0001455818318927271,8.047294644307654e-05,0.0003342379807209639,0.00011019826749275323
D_rsi7_gt_rsi14,-8.425559542424299e-05,2.280791232635492e-05,-3.2608830772518084e-05,4.729513564796635e-05,-0.0002562296248808771,0.00010621378677002038,0.00020621816446899643,9.758303277823904e-05,-0.0005952793122289135,0.00011136821457078893
D_rsi7_obv_x,0.0001336246708462774,2.3234951327588952e-05,0.00014055172348668155,4.450057803305359e-05,-2.0973073372765326e-05,3.45502800692503e-05,0.00018653034828723935,3.8057312315669445e-05,0.00018860137745702055,6.329496695793037e-05
D_slope_stability,0.00041526411779166936,2.790324613319533e-05,0.0001281855296941581,1.835695391854969e-05,0.000259296715676971,4.771425530611351e-05,0.0006511198274602448,5.1998319362341476e-05,0.0007972507496653902,6.904334957843395e-05
D_slope_stability_rmean50,3.089545934122917e-05,8.544137950659125e-06,0.00010269997128109498,2.466068279067186e-05,1.7756761853782166e-05,2.5303623445692605e-05,7.114615788530453e-05,1.597826808445563e-05,2.801373005762997e-05,2.092063255369631e-05
D_slope_stability_rstd10,-0.00015153919334216505,6.722888109745224e-06,3.863630515099636e-06,4.370140105982352e-05,-0.00019742809010545593,5.9783747253161516e-05,-0.00022485439982566913,1.959380285626563e-05,-0.0002318450651465076,4.350576153529076e-05
D_slope_stability_rstd20,3.109779274268476e-05,8.350814013783303e-06,3.248611263995116e-05,8.18167476026722e-06,-6.573777775287226e-06,2.63771209318062e-05,2.3687413082607022e-05,4.137043022433311e-06,2.605777801230058e-05,1.4013224824324806e-05
D_sma20,6.865283499135622e-05,6.748111385501663e-06,6.192757436245256e-05,9.741075638471493e-06,4.067323348744267e-05,2.4284821367393886e-05,9.287541694451562e-05,1.642570519044942e-05,0.00013966344305278434,3.905790837966746e-05
D_sma200,-6.062315022026255e-06,1.1213501203844623e-05,4.825820299747541e-05,2.3575890821459652e-05,-3.1783509769289786e-05,3.059404735931798e-05,-3.132967714472024e-05,7.123515258799495e-06,-1.2747129453605233e-05,2.94802849746478e-05
D_sma5,4.7861293503137506e-05,5.306404176885594e-06,3.061349014570336e-05,1.718124440570144e-05,3.0445564507175506e-05,9.921702111237085e-06,8.160449840171058e-05,2.030750270956565e-05,5.418641758443421e-05,1.3636423994132473e-05
D_sma50,7.365487631854073e-05,7.805737752852441e-06,7.007334169550905e-05,1.7832678976717408e-05,5.457546275935421e-05,2.0513443768291894e-05,0.00011245664228654029,1.3103191291436136e-05,0.00011761504655209976,2.1697150523363392e-05
D_structure_trend_code,2.3830262479873632e-05,7.552973677289936e-06,2.6789555667638964e-05,1.5226137235552838e-05,2.7158675619620708e-05,2.1562607037510202e-05,4.2400482013560394e-05,2.1970018052769286e-05,4.510109504285431e-05,1.0039538987774343e-05
D_support1,5.2349443680310695e-05,7.550649090688483e-06,2.6970471235054915e-05,1.5111366127712324e-05,1.704947579406202e-05,1.6084309180729586e-05,6.232887545245535e-05,1.0018039547204427e-05,8.873149060311114e-05,8.136581069934493e-06
D_support2,7.881171505190743e-05,6.854339539802914e-06,6.990682911509616e-05,1.479238128315577e-05,6.159891919823579e-05,3.697528366305446e-05,0.00013232473396538325,8.247997191097555e-06,0.0001224675721792412,1.5075677016795619e-05
D_tmr_cpr_bc,4.56646857756482e-05,6.898202011096402e-06,4.888350340512826e-05,3.190033143258271e-05,3.004226525717968e-05,2.1709708667830742e-05,0.00010637860273379207,1.4857083606674483e-05,7.75123375108766e-05,2.8882655881423136e-05
D_tmr_cpr_tc,5.2086725975364347e-05,4.741608685781825e-06,5.751065837418245e-05,2.3259483338173188e-05,1.1587291576709013e-05,2.138585945256257e-05,9.402272484584361e-05,1.9317323684458426e-05,9.811031267856763e-05,2.587600662232427e-05
D_tmr_cpr_vs_today_code,-1.768027422612839e-05,1.3160187281025585e-05,-6.1747829770197885e-06,3.0232985178888333e-05,-0.0001071470323704915,2.1986503093459988e-05,-3.187900571173241e-05,1.9270902702871573e-05,-2.741001041028923e-05,5.5134814900756626e-05
D_vol_surge_20,3.998243908600596e-05,6.99360059570733e-06,3.3594088755539706e-05,1.6142144403025825e-05,7.74405137385914e-05,2.0857770229697568e-05,2.634698836301297e-05,1.5761041328120912e-05,5.1405465031040266e-05,1.176363269757588e-05
D_vol_surge_50,2.9899358553509003e-05,1.9020020080105267e-05,3.521823045116168e-05,1.2515789908873191e-05,2.0578344230859358e-06,2.0642514292346147e-05,2.743761575869641e-05,2.5290914160985273e-05,1.6178761579666023e-05,2.305530568642245e-05
D_vol_yz_20,0.00012441796573323672,4.845670841480643e-06,0.00017797068349993949,3.37767792789143e-05,0.00029610180523287344,2.3795953749188447e-05,7.269542503895998e-05,2.344166929742287e-05,0.00011807966520815949,1.7309005471006955e-05
D_vol_yz_50,0.00019803696013094286,3.227660800381657e-05,0.00012047349133299523,5.937210986784223e-05,0.0004113848958481103,9.054437366273546e-05,0.00012651309278899348,2.904695620233623e-05,0.00022822986240287336,2.3571696105385443e-05
D_vol_z252,0.0001989202538703383,0.00010097862053206916,-2.5338366912697196e-05,7.944760497540135e-05,0.0008286766133368095,0.0002061769233819738,3.349896605153724e-05,0.0001055294470996958,0.0005406937352784525,0.00017771982078104942
D_vpoc,5.4769702568568945e-05,4.057374277341122e-06,4.4306163904095366e-05,1.0107739776520834e-05,1.7317165671237868e-05,8.590503510992826e-06,7.154307887051737e-05,1.2798232618527781e-05,8.902143256686034e-05,1.8739870408824858e-05
D_weekly_trend,7.407281696130142e-05,2.8135767143397978e-05,6.439212448980936e-05,6.0178233697148634e-05,5.997110260038685e-05,0.00011038473396136675,0.00029103125182645685,8.908835003157807e-05,-6.35549227064658e-05,6.482959684132563e-05
D_weekly_vpoc,6.360325766905373e-05,5.032083599439477e-06,6.35152987496168e-05,1.293551457304984e-05,2.7975356600840053e-05,1.820746130709612e-05,9.698491104792595e-05,1.9034621942827308e-05,0.00011000896166146745,1.923729609648583e-05
D_wick_skew,4.246739250086673e-05,2.563239771631145e-05,-7.979840240013303e-06,4.0230924792077206e-05,6.99325940755724e-05,1.701239258740702e-05,1.4175637010049868e-05,2.7054660956052658e-05,0.00014634278093035303,5.403071170513294e-05
DayType_bearish,0.0,0.0,0.0,0.0,0.0,0.0,0.0,0.0,0.0,0.0
DayType_bullish,0.0,0.0,0.0,0.0,0.0,0.0,0.0,0.0,0.0,0.0
DayType_inside,0.0,0.0,0.0,0.0,0.0,0.0,0.0,0.0,0.0,0.0
M_nifty_dist_sma200,0.0005102129511226128,7.910937657165062e-05,5.550969706964448e-05,0.0003442455516321856,0.0007181101074504204,0.0003007034537091119,0.0011349173853132833,7.775267011789021e-05,0.0006153187488897371,0.00010464078103549908
M_nifty_dist_sma50,0.0004205269276145618,4.5621127025233847e-05,0.00027747143522347526,7.226768567006722e-05,0.000626427584821676,0.00014306135180609258,0.00021355797505528962,0.00011273101786233364,0.0010955924922406934,9.669379522867317e-05
M_nifty_ret,0.0003884499592594848,3.5947929924544534e-05,0.00021523519197055307,9.961843748658439e-05,-5.561446245239132e-05,0.000173991272665869,0.0007112866565149867,0.00014992528443456027,0.0009760645402415502,0.00030674738794864815
M_nifty_ret_5d,0.0003368897668400317,6.317250581372501e-05,-7.879089589961641e-05,9.479664527734511e-05,-0.000255243558214624,0.0001617220680783737,0.0003819900804518106,0.0001667808415288917,0.0015788652671925973,0.0002239215120347417
M_vix,-0.00016522667732723483,3.753994352779409e-05,-0.0017232787425937256,5.436646233941139e-05,-0.0001824319116178863,0.0001588328164861319,0.0006632598470892815,5.778822602730611e-05,0.0010869760574393483,0.00010301341873853224
M_vix_change,1.885470019828972e-05,2.5665615206294967e-05,8.116012869885392e-05,3.723102361343344e-05,4.191287455612702e-06,6.94950446599622e-05,-5.628689099701489e-07,3.3849461598549525e-05,-4.896639496505539e-05,6.793019309319438e-05
M_vix_level_z60,-4.359689057453764e-05,4.89593883623038e-05,-6.421636121052287e-05,7.63410313199986e-05,0.00041074717890905444,7.475252884410443e-05,1.2060194583574102e-05,0.0001432159706451494,-0.0008406324710751089,0.00019146511274763264
Struct_downtrend,0.0,0.0,0.0,0.0,0.0,0.0,0.0,0.0,0.0,0.0
Struct_range,0.0,0.0,0.0,0.0,0.0,0.0,0.0,0.0,0.0,0.0
Struct_uptrend,0.0,0.0,0.0,0.0,0.0,0.0,0.0,0.0,0.0,0.0
W_close_pos,-5.061961663910264e-05,1.2731020465822375e-05,-4.1003196001798695e-05,2.4856212655942267e-05,-1.204906921823401e-05,4.1253105324426345e-05,-4.0231980335980744e-05,5.46646855556693e-05,-2.621075352691182e-05,5.032945781141737e-05
W_ret_13w,0.0003474123940379936,2.1890501302413926e-05,0.00019421643306136716,4.825237575535507e-05,-3.886191573103659e-05,8.818415132763057e-05,9.487466433450997e-05,6.508527936640953e-05,0.00017597876295716297,0.00012678239286073665
W_ret_4w,0.0006100543543507975,7.661113532749384e-05,0.000394857066678167,6.225981768561541e-05,0.0006070178001668314,0.00012350423329858024,0.00014331067552160183,0.00012085320420096267,0.001399351702576257,8.922813629925858e-05
W_vol_vs_4w,0.000458675874676584,6.863964532740202e-05,0.0004068623661155124,7.533318928235036e-05,0.0008810727477739811,0.0001488642522300853,0.0004897679044451487,7.12489028764314e-05,0.00041060727095609817,0.0001463739297209406
X_adx_sqr,9.52992379944062e-05,1.6990784041033017e-05,6.722892742534458e-05,2.9409371592157563e-05,3.501494500979252e-05,2.31308718459629e-05,7.510592098636248e-05,2.281480109712318e-05,2.966159653161604e-05,1.9604325720074146e-05
X_cprw_atr_pct,8.188305097991399e-05,6.960463570643776e-06,0.00011194668888256932,2.6464996944740746e-05,0.00010018205432262838,2.9255569814344923e-05,0.00010710364086816693,3.3221882698206364e-05,1.0157929929088816e-05,1.1448748331057304e-05
X_macd_nonlin,0.0002045456989578698,1.0427557911624606e-05,0.00022831169892278957,1.5492428614138248e-05,0.00041465262802129475,8.832295249369698e-05,7.857980619756511e-05,3.7833132044670935e-05,0.00041064071211514006,4.093786619938003e-05
X_regime_adx,9.593900413027435e-05,2.752813918755848e-05,0.0001094707803020567,1.8810592624985212e-05,3.360995124759292e-05,7.61227417859896e-06,8.331577733391437e-05,2.682358448660098e-05,1.4250914338220789e-05,7.539400761206402e-06
X_regime_bull_soft,0.0008156820153871535,8.266639581334514e-05,0.00022585651659179362,2.5478187936866796e-05,0.00015643020072142466,4.265252812906886e-05,-0.00011345610853572552,9.84735722280669e-05,-0.00031725200648373696,4.185736054456347e-05
X_regime_dist_sma200,0.0009295976558966856,4.787759379901003e-05,0.00030539414295953636,3.5869717860990586e-05,0.0001434338823898873,3.2918758761341266e-05,-0.00012939828797102758,4.724912485901809e-05,-0.00034942773781061477,6.699508276644727e-05
X_regime_dist_x_adx,0.0005364776523010927,3.686687204320547e-05,0.00030622705715421805,2.750983879985142e-05,4.4672953799396176e-05,3.459607460269383e-05,-7.071617327187862e-05,4.8778899062581144e-05,-0.00020451403279257984,5.353268385024403e-05
X_regime_trend_soft,8.599394682375915e-05,3.2625828593917198e-06,9.1084137977826e-05,1.3727607290613431e-05,4.7853472509751247e-05,1.2824315447885774e-05,8.698221881839885e-05,3.330918120620758e-05,3.488944580516406e-05,1.808156779253197e-05
X_rsi14_adx14,0.00028260702339064634,3.0041567715756966e-05,6.699859673215957e-05,9.732498761432326e-06,0.00024677074509578124,4.636946662903237e-05,0.00019463156699901508,6.02182834124009e-05,0.0006543584559827398,9.461314057506371e-05
X_rsi_cross_strength,-5.6693709276744995e-06,4.791023181963662e-06,-4.859602915416872e-05,2.3855577247297665e-05,-4.254202138735952e-05,5.079837557205814e-05,0.00013140808423282025,7.249013272887125e-05,-8.634863014482797e-05,2.4466012673320048e-05
X_trend_atr_pct,7.419582304066808e-05,8.45157893581256e-06,3.77914470163887e-05,8.681298132174369e-06,4.6230193028495846e-05,3.451675709659813e-05,0.00013100439307607293,4.331131851546757e-05,0.0001592734810015539,1.7126797378357653e-05
long_score,5.706475908546782e-05,6.796823457147202e-06,7.811781973039444e-05,1.4725038294984131e-05,5.4514967871832634e-05,2.976782495855069e-05,2.5832455328655967e-05,1.795175371947288e-05,6.880696345681336e-05,1.7356171885026745e-05
regime_dispersion,0.0005829140464550742,7.310208427960739e-05,0.0008673143823374252,0.00015865401892470785,0.0008805650948430444,0.00027167376323901816,5.9309378961369674e-05,5.6275492171668694e-05,0.0009391792976058966,0.00013140303082836069
regime_high_vol,0.0004365379787322432,9.896866025500738e-05,0.00039528470658241056,0.00017649085766928353,0.00022799464438749695,0.00014699342257941373,5.6587612570591086e-05,0.00016115211262592214,0.0006472497193930948,0.00010706651848081572
regime_market_trend,0.00023282295859325953,3.941514243850481e-05,0.00016818531760722787,0.00012417162878183946,0.0004889443828655527,0.00019205429516429198,-0.00013955212821550322,4.8016155075272816e-05,0.00011803448406784156,0.00012133959357350446
short_score,0.0001920456677018345,1.8461094270620744e-05,0.00016797220023985205,3.851030565622795e-05,0.000305708897492174,2.5490788854440634e-05,0.00011266399846967534,2.27751895262299e-05,0.00014856234892066667,4.311139097752428e-05
